sid,min,max
SR-0001,0.2,1
SR-0002,1.1,3.3
SR-0003,0.2,1
SR-0004,0,0.2
SR-0005,1,5
SR-0006,0,0.5
SR-0007,0,0.2
SR-0008,6.4,10.4
SR-0009,0,0.2
SR-0010,0.45,0.68
SR-0011,0.2,1
SR-0012,0.2,1
SR-0013,0.2,1
SR-0014,0.09,0.89
SR-0015,0.2,1
SR-0016,5,35
SR-0017,0,0.2
SR-0018,0.2,1
SR-0019,0.2,1
SR-0020,0.2,1
SR-0021,1,1.8
SR-0022,1.5,2.6
SR-0023,0.8,2
SR-0024,0.2,1
SR-0025,1,5
SR-0026,0.2,1
SR-0027,1,5
SR-0028,0.2,1
SR-0029,0.3,0.6
SR-0030,0.2,1
SR-0031,0,0.2
SR-0032,0,1
SR-0033,2.5,3.8
SR-0034,1,5
SR-0035,1,5.4
SR-0036,3.1,3.7
SR-0037,1,5
SR-0038,0,0.2
SR-0039,0,0.2
SR-0040,1,5
SR-0041,1,1.4
SR-0042,1,1.2
SR-0043,0,0.2
SR-0044,0.2,1
SR-0045,1,3
SR-0046,0.8,1.2
SR-0047,0.6,1.1
SR-0048,2.1,2.9
SR-0049,0.4,0.7
SR-0050,2.7,3.5
SR-0051,0.09,0.11
SR-0052,1,5
SR-0053,3.1,6.1
SR-0054,0.2,1
SR-0055,0.2,1
SR-0056,0,1
SR-0057,1,5
SR-0058,0,0.2
SR-0059,0.2,1
SR-0060,0.2,1
SR-0061,0.2,1
SR-0062,0.2,1
SR-0063,0.2,1
SR-0064,0.2,1
SR-0065,0.2,1.7
SR-0066,0.2,1
SR-0067,0.2,1
SR-0069,0.2,1
SR-0070,0.2,1
SR-0071,0.2,1
SR-0072,0.8,1.2
SR-0073,0.2,1
SR-0074,0,0.2
SR-0075,0.2,1
SR-0076,1,5
SR-0077,0,0.2
SR-0078,0.15,0.38
SR-0079,0,0.2
SR-0080,0.2,1
SR-0081,0,0.2
SR-0082,1,5
SR-0083,1,5
SR-0084,1,5
SR-0085,1,5
SR-0086,1,5
SR-0087,0,0.2
SR-0088,1,5
SR-0089,0.2,1
SR-0090,1,5
SR-0091,1,5
SR-0092,1,5
SR-0093,0.2,0.6
SR-0094,0.1,1.2
SR-0095,0.2,1
SR-0096,1,5
SR-0097,1,5
SR-0098,1,5
SR-0099,2,4.9
SR-0100,0.2,1
SR-0101,0.2,1
SR-0102,0.39,1
SR-0103,0.2,0.43
SR-0104,1.8,3.1
SR-0105,0.8,1.1
SR-0106,0.1,0.8
SR-0107,0.9,1.2
SR-0108,0.9,2
SR-0109,1,1.3
SR-0110,1.1,2
SR-0111,0.33,0.37
SR-0112,0.2,1
SR-0113,0.3,5.3
SR-0114,1.3,1.9
SR-0115,1.1,2.3
SR-0116,8.6,11.2
SR-0117,0.7,2.6
SR-0118,0.8,7.8
SR-0119,0.9,3.4
SR-0120,1.6,2
SR-0121,2.3,4.3
SR-0122,3.3,4
SR-0123,1,5
SR-0124,15,20
SR-0125,0.05,0.12
SR-0126,0.07,0.16
SR-0127,0.08,0.19
SR-0128,0.2,0.4
SR-0129,0,0.2
SR-0130,0,0.2
SR-0131,0,0.2
SR-0132,0.1,0.3
SR-0133,0.1,0.2
SR-0134,0.2,0.3
SR-0135,0,0.2
SR-0136,0,0.2
SR-0137,0.2,1
SR-0138,0,0.2
SR-0139,0.6,1
SR-0140,0.2,1
SR-0141,0.012,0.017
SR-0142,0.7,1.3
SR-0143,1,5
SR-0144,1.8,2.8
SR-0145,2.5,6.7
SR-0146,1.7,3.3
SR-0147,0,0.2
SR-0148,0,0.1
SR-0149,0.2,0.4
SR-0150,0.2,0.6
SR-0151,6,35
SR-0152,8,35
SR-0153,0.5,0.7
SR-0154,0.2,1
SR-0155,0.2,1
SR-0156,1,2
SR-0157,0.02,0.03
SR-0158,0.2,1
SR-0159,0.2,0.8
SR-0160,0,0.2
SR-0161,0.4,0.6
SR-0162,0.7,0.8
SR-0163,0,0.2
SR-0164,5,35
SR-0165,12,22
SR-0166,1.6,2.6
SR-0167,6.3,18.5
SR-0168,7,15.7
SR-0169,7.8,10.6
SR-0170,8.3,16
SR-0171,1.6,3
SR-0173,0.2,1
SR-0174,0.2,1
SR-0175,0.4,1.6
SR-0176,0.7,2.3
SR-0177,0.2,1
SR-0178,0.3,0.5
SR-0179,0.92,1.4
SR-0180,13,21
SR-0181,1,5
SR-0182,0,0.2
SR-0183,0,0.2
SR-0184,0.2,1
SR-0185,0,0.2
SR-0186,0.16,0.35
SR-0187,0.2,0.7
SR-0188,1,5
SR-0189,0.07,0.14
SR-0190,0.15,0.35
SR-0191,0.12,0.23
SR-0192,0.18,0.3
SR-0193,0.23,0.68
SR-0194,0.35,0.6
SR-0196,0.2,1
SR-0198,1,5
SR-0199,3.4,4.2
SR-0200,3.7,4.5
SR-0201,9.7,13.1
SR-0202,4.4,10.4
SR-0203,4.8,4.9
SR-0204,0,0.2
SR-0205,0.5,2.5
SR-0206,0.2,0.28
SR-0207,2.8,4.5
SR-0208,0.5,7.8
SR-0209,0,0.2
SR-0210,2.7,3
SR-0211,3.7,4.3
SR-0212,1.6,2.5
SR-0213,1.57,3.15
SR-0214,1.2,4.2
SR-0215,2.6,4
SR-0216,0.2,1
SR-0217,0.2,1
SR-0218,0,0.2
SR-0219,0.8,1.2
SR-0220,0.2,1
SR-0221,0.3,2
SR-0222,1.3,1.4
SR-0223,0,0.2
SR-0224,0.1,0.9
SR-0225,1.13,1.73
SR-0226,0.9,1.7
SR-0227,0.3,1.13
SR-0228,1.1,5
SR-0229,1.3,3
SR-0230,1,5
SR-0231,1.5,5
SR-0232,1.5,5.9
SR-0233,1.6,2.3
SR-0234,0.5,0.7
SR-0235,0,0.2
SR-0236,0.2,1
SR-0237,0,0.2
SR-0238,1,5
SR-0239,0,0.2
SR-0240,1,5
SR-0241,0.3,0.6
SR-0242,0,0.2
SR-0243,1.07,2
SR-0244,0.4,0.5
SR-0245,0.4,0.5
SR-0246,0.4,0.8
SR-0247,0.5,0.6
SR-0248,0.5,0.9
SR-0249,0.5,1
SR-0250,0.4,0.6
SR-0251,0.4,0.6
SR-0252,0.4,0.8
SR-0253,0.5,0.6
SR-0254,0.5,0.8
SR-0255,0.6,1
SR-0256,0.2,1
SR-0258,1.03,1.07
SR-0259,0.95,1.75
SR-0260,6.8,10.6
SR-0261,3.2,4
SR-0262,1.8,2.8
SR-0263,1,5
SR-0264,1.2,1.8
SR-0265,1.9,5.3
SR-0266,3.5,35
SR-0267,3,9
SR-0268,1,5
SR-0269,0.42,0.79
SR-0270,0.2,1
SR-0271,0.04,0.11
SR-0272,0.05,0.18
SR-0273,1,5
SR-0274,0.2,1
SR-0275,0.2,1
SR-0276,0.1,0.2
SR-0277,0.7,1.1
SR-0278,0,0.2
SR-0279,2.1,9.8
SR-0280,0.15,10.1
SR-0281,1,5
SR-0282,0,0.2
SR-0283,0.6,0.9
SR-0284,0.28,0.77
SR-0285,1.2,3
SR-0286,0.27,0.82
SR-0288,0.6,3
SR-0289,0,0.2
SR-0290,0.5,0.9
SR-0291,0,0.2
SR-0292,2,6
SR-0293,0.5,0.7
SR-0294,0.2,1
SR-0295,0.3,0.5
SR-0296,0.2,1
SR-0297,0.63,0.94
SR-0298,0.5,1.6
SR-0300,0.2,1
SR-0301,0,0.2
SR-0302,0.7,1.1
SR-0303,2.1,2.3
SR-0304,0.4,0.44
SR-0305,0.6,0.8
SR-0306,6,7
SR-0307,0,0.2
SR-0308,0.37,0.63
SR-0309,0.43,0.81
SR-0310,0.9,3.25
SR-0311,0.2,0.3
SR-0312,0.3,0.4
SR-0313,0.37,0.57
SR-0314,0.7,1
SR-0315,0.9,1
SR-0316,0.2,0.3
SR-0318,0.2,1
SR-0319,0.04,0.6
SR-0320,5,35
SR-0321,2.3,6.2
SR-0322,13,28
SR-0323,21,28
SR-0324,19,30
SR-0325,21,31
SR-0326,20,28
SR-0327,21,28
SR-0328,30,37
SR-0329,28.9,42.3
SR-0330,20,40
SR-0331,34,51
SR-0332,5,35
SR-0333,25,40.6
SR-0334,29.3,35.6
SR-0335,5,35
SR-0336,5,35
SR-0337,31,36.8
SR-0338,35,37
SR-0339,23,29.6
SR-0340,18.2,37.2
SR-0341,18,22
SR-0342,20.5,24.5
SR-0344,23,28
SR-0345,19,27
SR-0346,15,23
SR-0347,22,26
SR-0348,5,35
SR-0349,1.6,1.8
SR-0350,0.32,1.52
SR-0351,1.1,4.9
SR-0352,0.72,0.78
SR-0353,0.6,4.5
SR-0354,0.9,2.1
SR-0355,1.39,1.58
SR-0356,2.1,2.9
SR-0357,1,5
SR-0358,1.2,2.8
SR-0359,0.6,4.3
SR-0360,0.4,1.4
SR-0361,0.8,1.7
SR-0362,0.6,4
SR-0363,0.7,1.2
SR-0364,1.1,1.4
SR-0365,0.9,1.1
SR-0366,0.52,1.36
SR-0367,0.6,3
SR-0368,0.6,1.2
SR-0369,0.4,0.5
SR-0370,0.77,1.32
SR-0371,0.6,1
SR-0372,2.6,3.4
SR-0373,0.8,3.3
SR-0374,0.8,1.2
SR-0375,1.25,1.5
SR-0376,0.5,3
SR-0377,0.1,0.6
SR-0378,5,9
SR-0379,1,5
SR-0380,5.7,8.9
SR-0381,2.5,7.2
SR-0382,5.9,8.9
SR-0383,0.9,1.7
SR-0384,2.7,4.8
SR-0385,5.6,9.5
SR-0386,5.7,10.3
SR-0387,6.9,10.9
SR-0388,5,35
SR-0389,11.3,18.2
SR-0390,9,23
SR-0391,5,35
SR-0392,12.8,18.3
SR-0393,1.7,35
SR-0394,1.37,2.55
SR-0395,1,1.5
SR-0396,2.4,6.8
SR-0397,2.95,4.35
SR-0398,1.4,2.6
SR-0399,1.2,3.8
SR-0400,1.45,3.65
SR-0401,2.4,3.5
SR-0402,1.8,4.6
SR-0403,1.8,5.2
SR-0404,2.3,6.9
SR-0405,3.2,6.6
SR-0406,1.65,10.35
SR-0407,1,4.9
SR-0408,5,35
SR-0409,1,17
SR-0410,3,5.9
SR-0411,4.8,7.2
SR-0412,5.3,5.9
SR-0413,5.3,7.1
SR-0414,5.3,10.7
SR-0415,1.6,3.3
SR-0416,12.2,16.2
SR-0417,5,8
SR-0418,4,9
SR-0419,5,9
SR-0420,5.4,7.8
SR-0421,5,35
SR-0422,8.4,12.4
SR-0423,9,35
SR-0424,11,19
SR-0425,3,8
SR-0426,5,6
SR-0427,3,7
SR-0428,0.46,1.5
SR-0429,0.2,1
SR-0430,0.46,1.5
SR-0431,0,0.2
SR-0432,0.33,0.71
SR-0433,2,3.33
SR-0434,0.33,0.71
SR-0435,0,0.2
SR-0436,0.006,0.02
SR-0437,0,0.2
SR-0438,1.3,1.7
SR-0439,0,0.2
SR-0440,0.7,1
SR-0441,0,0.2
SR-0442,0,0.2
SR-0443,0.16,0.22
SR-0444,0,0.2
SR-0445,0,0.2
SR-0446,0,0.2
SR-0447,0,0.2
SR-0448,0,0.2
SR-0449,0,0.2
SR-0450,0.038,0.24
SR-0451,0.2,1
SR-0452,0,0.2
SR-0453,0,0.2
SR-0454,1.5,2
SR-0455,0.08,0.28
SR-0456,0.03,0.05
SR-0457,0.08,0.15
SR-0458,0,0.2
SR-0459,0,0.2
SR-0460,0,0.2
SR-0461,0,0.2
SR-0462,0,0.2
SR-0463,0,0.2
SR-0464,0,0.2
SR-0465,0.2,1
SR-0466,0.07,0.23
SR-0467,0.005,0.014
SR-0468,0,0.2
SR-0469,0,0.2
SR-0470,0,0.2
SR-0471,0,0.2
SR-0472,0,0.2
SR-0473,0,0.2
SR-0474,0,0.2
SR-0475,0,0.2
SR-0476,0,0.2
SR-0477,0,0.2
SR-0478,0,0.2
SR-0479,0.15,0.18
SR-0480,0.4,1.7
SR-0481,0,0.2
SR-0482,0,0.2
SR-0483,0,0.2
SR-0484,0,0.2
SR-0485,0.013,0.15
SR-0486,0.04,0.29
SR-0487,0.09,0.36
SR-0488,0.029,0.19
SR-0489,0.002,0.08
SR-0490,0.2,1
SR-0491,0,0.2
SR-0492,0,0.2
SR-0493,0,0.2
SR-0494,0,0.2
SR-0495,0,0.2
SR-0496,0,0.2
SR-0497,0,0.2
SR-0498,0.7,0.9
SR-0499,0,0.2
SR-0500,0,0.2
SR-0501,0.4,0.6
SR-0502,0,0.2
SR-0503,0,0.2
SR-0504,0,0.2
SR-0505,0.2,1
SR-0506,0,0.2
SR-0507,1.1,3.8
SR-0508,0,0.2
SR-0509,0.14,0.2
SR-0510,0.27,0.47
SR-0511,0.09,0.21
SR-0512,0.6,0.8
SR-0513,0,0.2
SR-0514,0.14,0.16
SR-0515,0.2,0.7
SR-0516,0,0.2
SR-0517,0,0.2
SR-0518,0,0.2
SR-0519,0,0.2
SR-0520,0,0.2
SR-0521,1,5
SR-0522,0.007,0.043
SR-0523,0.01,0.06
SR-0524,0.06,0.24
SR-0525,0,0.2
SR-0526,0,0.2
SR-0527,0,0.2
SR-0528,0,0.2
SR-0529,0,0.2
SR-0530,2.3,2.9
SR-0531,0.4,2.3
SR-0532,0.9,2.6
SR-0533,0.02,0.11
SR-0534,0.17,0.21
SR-0535,0,0.2
SR-0536,0,0.2
SR-0537,0.1,0.55
SR-0538,0,0.2
SR-0539,0,0.2
SR-0540,0.45,0.82
SR-0541,0.2,1
SR-0542,0.1,0.13
SR-0543,0,0.2
SR-0544,0,0.2
SR-0545,0.026,0.12
SR-0546,0,0.2
SR-0547,0,0.2
SR-0548,0.2,1
SR-0549,0.2,1
SR-0550,0,0.2
SR-0551,0.42,0.64
SR-0552,0,0.2
SR-0553,0,0.2
SR-0554,0.057,0.21
SR-0556,0,0.2
SR-0557,0,0.2
SR-0558,0.047,0.59
SR-0559,0,0.2
SR-0560,0,0.2
SR-0561,1,3.6
SR-0562,0.76,0.97
SR-0563,0.24,0.41
SR-0564,0.53,0.75
SR-0565,0.2,1
SR-0566,0,0.2
SR-0567,0,0.2
SR-0568,0,0.2
SR-0569,0.02,0.14
SR-0570,0.02,0.05
SR-0571,0.07,0.3
SR-0572,0.01,0.02
SR-0573,0.078,0.098
SR-0574,0.061,0.087
SR-0575,0.16,0.25
SR-0576,0.06,0.31
SR-0577,0.078,0.12
SR-0578,0.079,0.15
SR-0579,0.067,0.095
SR-0580,0.18,0.21
SR-0581,0.06,0.084
SR-0582,0.075,0.23
SR-0583,0.097,0.31
SR-0584,1.27,1.38
SR-0585,0.29,0.48
SR-0586,0.038,0.066
SR-0587,0.15,0.18
SR-0588,0.2,1
SR-0589,0.028,0.048
SR-0590,0.029,0.068
SR-0591,0.057,0.17
SR-0592,0.12,0.36
SR-0593,0.11,0.13
SR-0594,0.12,0.21
SR-0595,0.08,0.14
SR-0596,0,0.2
SR-0597,0.02,0.026
SR-0598,0,0.2
SR-0599,0.2,1.6
SR-0600,0.1,0.17
SR-0601,0.25,0.33
SR-0602,0.083,0.14
SR-0603,0.11,0.28
SR-0604,0.16,0.21
SR-0605,0.042,0.062
SR-0606,0.13,0.16
SR-0607,0.44,0.8
SR-0608,0.05,0.09
SR-0609,0.04,0.06
SR-0610,0.06,0.13
SR-0611,0.19,0.25
SR-0612,0.23,0.3
SR-0613,0.14,0.7
SR-0614,0.29,0.78
SR-0615,0.09,0.12
SR-0616,0.027,0.033
SR-0617,0.07,0.36
SR-0618,0.04,1.8
SR-0619,0.65,0.76
SR-0620,0.17,0.3
SR-0621,0.031,0.038
SR-0622,0.33,0.55
SR-0623,0.2,1
SR-0624,0,0.2
SR-0625,0.065,0.23
SR-0626,0.2,1
SR-0627,0.17,0.38
SR-0628,0.2,0.35
SR-0629,0.33,0.5
SR-0630,0.23,0.33
SR-0631,0.12,0.33
SR-0632,0.086,0.33
SR-0633,0.03,0.17
SR-0634,0.04,0.086
SR-0635,0.09,0.14
SR-0636,0.035,0.13
SR-0637,0.3,0.6
SR-0638,0,0.2
SR-0639,0.2,1
SR-0640,0.016,0.03
SR-0641,0.009,0.011
SR-0642,0.04,0.16
SR-0643,0,0.2
SR-0644,0,0.2
SR-0645,0.03,0.08
SR-0646,0,0.2
SR-0647,0,0.2
SR-0648,0.071,0.089
SR-0649,0,0.2
SR-0650,0.55,0.67
SR-0651,0.22,0.33
SR-0652,0.15,0.21
SR-0653,0,0.013
SR-0654,0,0.2
SR-0655,0.2,1
SR-0656,0.076,0.22
SR-0657,0.031,0.046
SR-0658,0.11,0.16
SR-0659,0.046,0.21
SR-0660,0.064,0.21
SR-0661,0.015,0.11
SR-0662,0,0.2
SR-0663,0.017,0.03
SR-0664,0.025,0.045
SR-0665,0.03,0.06
SR-0666,0,0.2
SR-0667,0.055,0.1
SR-0668,0.2,1
SR-0669,0.2,1
SR-0670,0.2,1
SR-0671,0,0.2
SR-0672,0.2,1
SR-0673,0.2,1
SR-0674,0,0.2
SR-0675,0,0.2
SR-0676,0,0.2
SR-0677,0,0.2
SR-0678,0,0.2
SR-0679,0.24,0.38
SR-0680,0,0.2
SR-0681,0.1,0.2
SR-0682,0,0.2
SR-0683,0.2,1
SR-0684,0,0.2
SR-0685,0.027,0.047
SR-0686,0,0.2
SR-0687,0,0.2
SR-0688,0.18,0.3
SR-0689,0.2,1
SR-0690,0,0.2
SR-0691,0,0.2
SR-0692,0.2,1
SR-0693,0,0.2
SR-0694,0,0.2
SR-0695,0,0.2
SR-0696,0,0.2
SR-0698,0,0.2
SR-0699,0.2,1
SR-0700,0.4,0.6
SR-0701,0.2,1
SR-0702,0,0.2
SR-0703,0,0.2
SR-0704,0.1,0.2
SR-0705,0.3,1.6
SR-0706,0.3,1.6
SR-0707,0.3,1.6
SR-0708,0.06,0.24
SR-0709,0.12,0.4
SR-0710,0.01,0.04
SR-0711,0.1,0.5
SR-0712,0.1,0.2
SR-0713,0.07,0.1
SR-0714,0.05,0.4
SR-0715,0.05,0.4
SR-0716,0.2,1
SR-0717,0.05,0.07
SR-0718,0.1,0.16
SR-0719,0.03,0.3
SR-0720,0.1,0.7
SR-0721,0.11,0.22
SR-0722,0.05,0.2
SR-0723,0.09,0.12
SR-0724,0.1,0.6
SR-0725,0.27,0.33
SR-0726,0.13,0.14
SR-0727,0.05,0.3
SR-0728,0,0.2
SR-0729,0,0.2
SR-0730,0,0.2
SR-0731,0,0.2
SR-0733,0,0.2
SR-0734,0.16,0.32
SR-0735,0.66,1.1
SR-0736,0,0.2
SR-0737,0.1,0.15
SR-0738,0.25,0.3
SR-0739,0.2,1
SR-0740,0.38,0.48
SR-0741,0.3,2.7
SR-0742,0.73,0.91
SR-0743,0,0.2
SR-0744,0.071,0.1
SR-0746,0,0.2
SR-0747,0.8,1.3
SR-0748,0.39,1.03
SR-0749,0,0.2
SR-0750,0,0.2
SR-0751,0.5,0.9
SR-0752,0.6,1.1
SR-0753,0.2,1.5
SR-0754,0.27,0.31
SR-0755,0.1,0.29
SR-0756,0.055,0.071
SR-0757,0.24,0.26
SR-0758,0.2,0.25
SR-0759,0.12,0.37
SR-0760,0.014,0.042
SR-0761,0.0019,0.0041
SR-0762,0.003,0.009
SR-0763,0.011,0.019
SR-0764,0.022,0.31
SR-0765,0.015,0.022
SR-0766,0,0.2
SR-0767,0.006,0.005
SR-0768,0.076,0.11
SR-0769,0.077,0.1
SR-0770,0,0.2
SR-0771,0.5,0.75
SR-0772,0.16,0.18
SR-0773,0.05,0.11
SR-0774,0.09,0.21
SR-0775,0.02,0.04
SR-0776,0.08,0.26
SR-0777,0.1,0.2
SR-0778,0.2,0.8
SR-0779,0.1,0.3
SR-0780,0.4,0.8
SR-0781,0,0.2
SR-0782,0.12,0.2
SR-0783,1,5
SR-0784,0,0.2
SR-0785,1,5
SR-0786,0.2,1
SR-0787,0.2,1
SR-0788,0,0.2
SR-0789,0,0.2
SR-0790,0,0.2
SR-0791,0,0.2
SR-0792,0,0.2
SR-0793,0.2,1
SR-0794,0,0.2
SR-0795,0,0.2
SR-0796,0.2,1
SR-0797,0,0.2
SR-0798,0,0.2
SR-0799,0,0.2
SR-0800,0.01,0.1
SR-0801,0.01,0.1
SR-0802,0,0.2
SR-0803,0,0.2
SR-0805,0,0.2
SR-0806,0,0.2
SR-0807,0,0.2
SR-0808,0,0.2
SR-0809,0,0.2
SR-0810,0,0.2
SR-0811,0,0.2
SR-0812,0,0.2
SR-0813,0,0.2
SR-0814,0,0.2
SR-0815,0,0.2
SR-0816,0,0.2
SR-0817,0,0.2
SR-0818,0,0.2
SR-0819,0,0.2
SR-0820,0,0.2
SR-0821,0,0.2
SR-0822,0,0.2
SR-0823,0,0.2
SR-0824,0,0.2
SR-0825,0,0.2
SR-0826,0.2,1
SR-0827,0,0.2
SR-0828,0,0.23
SR-0829,0,0.2
SR-0830,0,0.2
SR-0831,0,0.2
SR-0832,0,0.23
SR-0833,0,0.2
SR-0834,0,0.2
SR-0835,0,0.2
SR-0837,0.14,0.16
SR-0838,0,0.2
SR-0839,0,0.2
SR-0840,0,0.2
SR-0841,0,0.2
SR-0842,0,0
SR-0843,0.01,0.1
SR-0844,0,0.2
SR-0845,0,0.2
SR-0847,0,0.2
SR-0848,0,0.2
SR-0849,0,0.2
SR-0850,0.01,0.1
SR-0851,0,0.2
SR-0852,0,0.2
SR-0853,0,0.2
SR-0854,0,0.2
SR-0855,0,0.2
SR-0856,0,0.2
SR-0857,0,0.2
SR-0858,0,0.2
SR-0859,0,0.2
SR-0860,0,0.2
SR-0861,0,0.2
SR-0863,0,0.2
SR-0864,0,0.2
SR-0865,0,0.2
SR-0866,0,0.2
SR-0867,0,0.2
SR-0868,0,0.2
SR-0869,0,0.2
SR-0870,0,0.2
SR-0871,0,0.2
SR-0872,0,0.2
SR-0873,0,0.2
SR-0874,0,0.2
SR-0875,0,0.2
SR-0876,0,0.2
SR-0877,0,0.2
SR-0878,0,0.2
SR-0879,0,0.2
SR-0880,0,0.2
SR-0881,0,0.2
SR-0882,0,0.2
SR-0883,0,0.2
SR-0884,0,0.2
SR-0885,0,0.2
SR-0886,0,0.2
SR-0887,0,0.2
SR-0888,0,0.2
SR-0889,0,0.2
SR-0890,0,0.2
SR-0891,0,0.2
SR-0892,0,0.2
SR-0893,0,0.2
SR-0894,0,0.2
SR-0895,0,0.2
SR-0896,0,0.2
SR-0897,0,0.2
SR-0898,0,0.2
SR-0899,0,0.2
SR-0900,0,0.2
SR-0901,0,0.2
SR-0902,0,0.2
SR-0903,0,0.2
SR-0904,0,0.2
SR-0905,0,0.2
SR-0906,0,0.2
SR-0907,0,0.2
SR-0908,0,0.2
SR-0909,0,0.2
SR-0910,0,0.2
SR-0911,0,0.2
SR-0912,0,0.2
SR-0913,0,0.2
SR-0914,0,0.2
SR-0915,0,0.2
SR-0916,0,0.2
SR-0917,0,0.2
SR-0918,0,0.2
SR-0919,0,0.2
SR-0920,0,0.2
SR-0921,0,0.2
SR-0922,0,0.2
SR-0923,0,0.2
SR-0924,0,0.2
SR-0925,0,0.2
SR-0926,0,0.2
SR-0927,0,0.2
SR-0928,0,0.2
SR-0929,0,0.2
SR-0930,0,0.2
SR-0931,0,0.2
SR-0932,0,0.2
SR-0933,0,0.2
SR-0934,0.2,1
SR-0935,0,0.2
SR-0936,0,0.2
SR-0937,0,0.2
SR-0938,0,0.2
SR-0939,0,0.2
SR-0940,0,0.2
SR-0941,0,0.2
SR-0942,0,0.2
SR-0943,0,0.2
SR-0944,0,0.2
SR-0945,0,0.2
SR-0946,0,0.2
SR-0947,0,0.2
SR-0948,0,0.2
SR-0949,0,0.2
SR-0950,0,0.2
SR-0951,0,0.2
SR-0952,0,0.2
SR-0953,0,0.2
SR-0954,0,0.2
SR-0955,0,0.2
SR-0956,0,0.2
SR-0957,0,0.2
SR-0958,0,0.2
SR-0959,0,0.2
SR-0960,0,0.2
SR-0961,0,0.2
SR-0962,0,0.2
SR-0963,0,0.2
SR-0964,0,0.2
SR-0965,0,0.2
SR-0966,0,0.2
SR-0967,0,0.2
SR-0968,0,0.2
SR-0969,0,0.2
SR-0970,0,0.2
SR-0971,0,0.2
SR-0972,0,0.2
SR-0973,0,0.2
SR-0974,0,0.2
SR-0975,0,0.2
SR-0976,0,0.2
SR-0977,0,0.2
SR-0978,0,0.2
SR-0979,0,0.2
SR-0980,0,0.2
SR-0981,0,0.2
SR-0982,0,0.2
SR-0983,0,0.2
SR-0984,0,0.2
SR-0985,0,0.2
SR-0986,0,0.2
SR-0987,0,0.2
SR-0988,0,0.2
SR-0989,0,0.2
SR-0990,0,0.2
SR-0991,0,0.2
SR-0992,0,0.2
SR-0993,0,0.2
SR-0994,0,0.2
SR-0995,0,0.2
SR-0996,0,0.2
SR-0998,0,0.2
SR-0999,0,0.2
SR-1000,0,0.2
SR-1001,0,0.2
SR-1002,0,0.2
SR-1003,0,0.2
SR-1004,0,0.2
SR-1005,0,0.2
SR-1006,0,0.2
SR-1007,0,0.2
SR-1008,0,0.2
SR-1009,0,0.2
SR-1010,0,0.2
SR-1011,0,0.2
SR-1012,0,0.2
SR-1013,0,0.2
SR-1014,0,0.2
SR-1015,0,0.2
SR-1016,0,0.2
SR-1017,0,0.2
SR-1018,0,0.2
SR-1019,0,0.2
SR-1020,0,0.2
SR-1021,0,0.2
SR-1022,0,0.2
SR-1023,0,0.2
SR-1024,0,0.2
SR-1025,0,0.2
SR-1026,0,0.2
SR-1027,0,0.2
SR-1028,0,0.2
SR-1029,0,0.2
SR-1030,0,0.2
SR-1032,0,0.2
SR-1033,0,0.2
SR-1034,0,0.2
SR-1035,0,0.2
SR-1036,0,0.2
SR-1037,0,0.2
SR-1038,0,0.2
SR-1039,0,0.2
SR-1040,0,0.2
SR-1041,0,0.2
SR-1042,0,0.2
SR-1043,0,0.2
SR-1044,0,0.2
SR-1045,0,0.2
SR-1046,0,0.2
SR-1047,0,0.2
SR-1048,0.39,1.54
SR-1049,0,0.2
SR-1050,0,0.2
SR-1051,0,0.2
SR-1052,0,0.2
SR-1053,0,0.2
SR-1054,0,0.2
SR-1055,0,0.2
SR-1056,0,0.2
SR-1057,0,0.2
SR-1058,0,0.2
SR-1059,0,0.2
SR-1060,0,0.2
SR-1061,0,0.2
SR-1062,0,0.2
SR-1063,0,0.2
SR-1064,0,0.2
SR-1065,0,0.2
SR-1066,0,0.2
SR-1067,0,0.2
SR-1068,0,0.2
SR-1069,0,0.2
SR-1070,0,0.2
SR-1071,0,0.2
SR-1072,0,0.2
SR-1073,0,0.2
SR-1074,0,0.2
SR-1075,0,0.2
SR-1076,0,0.2
SR-1077,0,0.2
SR-1078,0,0.2
SR-1079,0,0.2
SR-1080,0,0.2
SR-1081,0,0.2
SR-1082,0,0.2
SR-1083,0,0.2
SR-1084,0,0.2
SR-1085,0,0.2
SR-1086,0,0.2
SR-1087,0,0.2
SR-1088,0,0.2
SR-1089,0,0.2
SR-1090,0,0.2
SR-1091,0,0.2
SR-1093,0,0.2
SR-1094,0.2,1
SR-1095,0.2,1
SR-1096,0,0.2
SR-1097,0.2,0.24
SR-1098,0,0.2
SR-1099,0,0.2
SR-1100,0,0.2
SR-1102,0.2,1
SR-1103,0.2,1
SR-1104,0.2,1
SR-1105,0,0.2
SR-1106,0,0.2
SR-1108,0,0.2
SR-1109,0,0.2
SR-1110,0.2,1
SR-1112,0,0.2
SR-1113,0.2,1
SR-1114,0.2,1
SR-1115,0,0.2
SR-1116,0,0.2
SR-1117,0,0.2
SR-1118,0,0.2
SR-1119,0,0.2
SR-1120,0,0.2
SR-1121,0,0.2
SR-1122,0,0.2
SR-1123,0.14,0.16
SR-1124,0.14,0.16
SR-1125,0.2,1
SR-1126,0.2,1
SR-1127,0.2,1
SR-1128,0.2,1
SR-1129,0.2,1
SR-1130,0.2,1
SR-1131,0.2,1
SR-1132,0.2,1
SR-1133,0.2,1
SR-1134,0.2,1
SR-1135,0.2,1
SR-1136,0.2,1
SR-1137,0.2,1
SR-1138,0,0.2
SR-1139,0,0.2
SR-1140,0,0.2
SR-1141,0,0.2
SR-1142,0,0.2
SR-1143,0,0.2
SR-1144,0,0.2
SR-1145,0,0.2
SR-1146,0,0.2
SR-1147,0,0.2
SR-1148,0,0.2
SR-1149,0,0.2
SR-1150,0,0.2
SR-1151,0.2,1
SR-1152,1,5
SR-1153,0.2,1
SR-1154,0.2,1
SR-1155,0,0.2
SR-1156,0.2,1
SR-1157,0,0.2
SR-1158,0,0.2
SR-1159,0,0.2
SR-1160,1,5
SR-1161,0,0.2
SR-1162,0,0.2
SR-1163,0,0.2
SR-1164,0,0.2
SR-1165,1,5
SR-1166,0.2,1
SR-1167,0.2,1
SR-1168,0,0.2
SR-1169,0.2,1
SR-1170,0.2,1
SR-1171,0.2,1
SR-1172,0.2,1
SR-1173,0.2,1
SR-1174,0,0.2
SR-1175,0,0.2
SR-1176,0.2,1
SR-1177,0,0.2
SR-1178,0,0.2
SR-1179,0,0.2
SR-1180,0,0.2
SR-1181,0,0.2
SR-1182,0.2,1
SR-1183,0.2,1
SR-1184,0.2,1
SR-1185,0.2,1
SR-1186,5,35
SR-1187,5,35
SR-1188,5,35
SR-1189,5,35
SR-1190,0.2,1
SR-1191,0.2,1
SR-1193,0,0.2
SR-1194,0,0.2
SR-1195,0.2,1
SR-1196,1,5
SR-1197,1,5
SR-1198,0.2,1
SR-1199,0,0.2
SR-1200,0.2,1
SR-1201,0.2,1
SR-1202,0.2,1
SR-1203,0,0.2
SR-1204,0,0.2
SR-1205,0,0.2
SR-1206,0.2,1
SR-1207,0,0.2
SR-1208,0,0.2
SR-1209,0.2,1
SR-1210,1,5
SR-1211,0,0.2
SR-1212,1,5
SR-1213,0.2,1
SR-1214,0.2,1
SR-1215,0.2,1
SR-1216,0,0.2
SR-1217,0,0.2
SR-1218,0.2,1
SR-1219,1,5
SR-1220,0,0.2
SR-1221,0.2,1
SR-1224,0,0.2
SR-1225,1,5
SR-1226,1,5
SR-1227,5,35
SR-1228,0.2,1
SR-1229,0.2,1
SR-1231,0.2,1
SR-1232,0.2,1
SR-1233,0,0.2
SR-1234,0,0.2
SR-1235,0,0.2
SR-1236,0.2,1
SR-1237,0.2,1
SR-1238,0.2,1
SR-1239,0,0.2
SR-1241,0.2,1
SR-1243,0,0.2
SR-1244,0,0.2
SR-1246,0,0.2
SR-1247,1,5
SR-1248,1,5
SR-1249,0.2,1
SR-1250,1.3,2.8
SR-1251,5,10
SR-1252,0.2,1
SR-1253,5,10
SR-1254,1,5
SR-1255,5,10
SR-1256,5,35
SR-1257,5,35
SR-1258,5,35
SR-1259,5,35
SR-1260,1,5
SR-1261,1,5
SR-1262,1,5
SR-1263,0.2,1
SR-1265,0.2,1
SR-1266,0.2,1
SR-1267,0.2,1
SR-1268,0,0.2
SR-1269,0,0.2
SR-1270,0,0.2
SR-1271,0,0.2
SR-1272,0,0.2
SR-1273,0,0.2
SR-1274,0,0.2
